,Adapts Well to Apartment Living,Affectionate with Family,Amount Of Shedding,Dog Friendly,Drooling Potential,Easy To Groom,Easy To Train,Energy Level,Exercise Needs,Friendly Toward Strangers,General Health,Good For Novice Owners,Incredibly Kid Friendly Dogs,Intelligence,Intensity,Potential For Mouthiness,Potential For Playfulness,Potential For Weight Gain,Prey Drive,Sensitivity Level,Size,Tendency To Bark Or Howl,Tolerates Being Alone,Tolerates Cold Weather,Tolerates Hot Weather,Wanderlust Potential,breed
0,5.0,5.0,1.0,4.0,1.0,3.0,2.0,4.0,3.0,3.0,4.0,4.0,1.0,4.0,3.0,4.0,4.0,3.0,3.0,3.0,1.0,2.0,1.0,3.0,3.0,2.0,Affenpinscher
1,5.0,5.0,4.0,4.0,1.0,1.0,1.0,5.0,4.0,2.0,3.0,3.0,5.0,4.0,2.0,3.0,4.0,1.0,5.0,5.0,4.0,2.0,2.0,5.0,5.0,5.0,Afghan Hound
2,1.0,4.0,2.0,4.0,1.0,2.0,4.0,5.0,5.0,3.0,3.0,2.0,4.0,5.0,3.0,5.0,5.0,4.0,5.0,3.0,3.0,4.0,2.0,3.0,3.0,4.0,Airedale Terrier
3,2.0,5.0,5.0,1.0,5.0,1.0,2.0,4.0,4.0,2.0,4.0,2.0,1.0,3.0,3.0,3.0,5.0,4.0,2.0,5.0,4.0,5.0,1.0,5.0,2.0,4.0,Akita
4,1.0,4.0,5.0,2.0,1.0,1.0,4.0,5.0,5.0,5.0,4.0,1.0,3.0,4.0,5.0,3.0,5.0,3.0,4.0,4.0,4.0,5.0,1.0,5.0,2.0,5.0,Alaskan Malamute
5,1.0,5.0,3.0,4.0,1.0,5.0,5.0,5.0,5.0,5.0,4.0,2.0,5.0,4.0,5.0,3.0,5.0,3.0,5.0,5.0,3.0,5.0,2.0,4.0,4.0,5.0,American English Coonhound
6,5.0,5.0,5.0,5.0,1.0,3.0,5.0,5.0,4.0,4.0,5.0,4.0,5.0,4.0,3.0,3.0,5.0,4.0,3.0,4.0,2.0,4.0,2.0,5.0,3.0,3.0,American Eskimo Dog
7,1.0,4.0,3.0,5.0,1.0,5.0,2.0,5.0,5.0,4.0,5.0,2.0,5.0,3.0,4.0,3.0,5.0,5.0,4.0,2.0,3.0,5.0,1.0,4.0,4.0,5.0,American Foxhound
8,3.0,5.0,4.0,1.0,1.0,5.0,4.0,4.0,4.0,5.0,4.0,2.0,5.0,4.0,5.0,5.0,5.0,3.0,3.0,4.0,3.0,3.0,1.0,2.0,3.0,4.0,American Pit Bull Terrier
9,2.0,5.0,3.0,2.0,1.0,3.0,4.0,5.0,5.0,3.0,3.0,2.0,5.0,3.0,2.0,5.0,5.0,3.0,2.0,5.0,3.0,3.0,1.0,2.0,4.0,5.0,American Water Spaniel
10,1.0,3.0,2.0,2.0,3.0,4.0,4.0,3.0,3.0,1.0,3.0,2.0,2.0,4.0,3.0,2.0,3.0,3.0,2.0,4.0,5.0,2.0,3.0,5.0,3.0,4.0,Anatolian Shepherd Dog
11,1.0,5.0,3.0,3.0,1.0,5.0,4.0,4.0,5.0,2.0,4.0,3.0,5.0,4.0,4.0,5.0,4.0,3.0,3.0,3.0,3.0,5.0,1.0,5.0,4.0,3.0,Appenzeller Sennenhunde
12,2.0,5.0,3.0,4.0,1.0,4.0,5.0,5.0,5.0,2.0,5.0,1.0,3.0,5.0,5.0,5.0,5.0,4.0,4.0,4.0,3.0,2.0,3.0,4.0,4.0,4.0,Australian Cattle Dog
13,1.0,5.0,3.0,5.0,1.0,1.0,5.0,5.0,5.0,3.0,2.0,2.0,4.0,5.0,4.0,4.0,5.0,4.0,4.0,5.0,3.0,4.0,2.0,4.0,4.0,5.0,Australian Shepherd
14,5.0,4.0,1.0,2.0,1.0,5.0,3.0,5.0,4.0,3.0,5.0,3.0,3.0,4.0,5.0,1.0,5.0,3.0,5.0,2.0,1.0,5.0,2.0,3.0,4.0,4.0,Australian Terrier
15,5.0,4.0,3.0,3.0,1.0,5.0,3.0,3.0,4.0,2.0,3.0,2.0,2.0,3.0,2.0,3.0,3.0,3.0,4.0,3.0,3.0,1.0,3.0,1.0,5.0,2.0,Azawakh
16,3.0,5.0,2.0,4.0,1.0,1.0,4.0,5.0,3.0,3.0,4.0,2.0,4.0,4.0,3.0,2.0,4.0,3.0,3.0,3.0,3.0,3.0,1.0,4.0,4.0,3.0,Barbet
17,5.0,5.0,1.0,4.0,5.0,5.0,1.0,5.0,5.0,5.0,2.0,4.0,5.0,4.0,1.0,5.0,2.0,2.0,5.0,3.0,2.0,1.0,4.0,1.0,4.0,5.0,Basenji
18,5.0,5.0,4.0,5.0,4.0,5.0,2.0,2.0,2.0,5.0,1.0,4.0,5.0,4.0,2.0,3.0,2.0,5.0,5.0,4.0,2.0,4.0,3.0,2.0,2.0,5.0,Basset Hound
19,4.0,5.0,3.0,5.0,1.0,4.0,1.0,4.0,4.0,5.0,1.0,3.0,5.0,4.0,5.0,3.0,5.0,5.0,5.0,4.0,2.0,5.0,1.0,2.0,4.0,5.0,Beagle
20,3.0,5.0,4.0,5.0,1.0,2.0,5.0,4.0,4.0,4.0,3.0,4.0,4.0,4.0,4.0,3.0,5.0,4.0,3.0,4.0,3.0,3.0,2.0,4.0,3.0,5.0,Bearded Collie
21,4.0,5.0,5.0,4.0,1.0,1.0,3.0,4.0,4.0,5.0,4.0,4.0,4.0,5.0,2.0,4.0,5.0,3.0,5.0,3.0,3.0,3.0,3.0,4.0,3.0,4.0,Bedlington Terrier
22,1.0,5.0,2.0,2.0,1.0,5.0,5.0,5.0,5.0,3.0,4.0,3.0,4.0,5.0,4.0,3.0,5.0,2.0,4.0,5.0,4.0,2.0,3.0,4.0,4.0,3.0,Belgian Malinois
23,3.0,4.0,5.0,5.0,1.0,3.0,5.0,5.0,5.0,4.0,3.0,3.0,5.0,5.0,3.0,2.0,5.0,2.0,5.0,5.0,4.0,1.0,3.0,4.0,3.0,4.0,Belgian Sheepdog
24,3.0,4.0,4.0,3.0,1.0,3.0,5.0,5.0,4.0,3.0,3.0,3.0,3.0,5.0,3.0,2.0,5.0,2.0,2.0,5.0,4.0,5.0,1.0,4.0,3.0,4.0,Belgian Tervuren
25,3.0,5.0,4.0,3.0,1.0,5.0,4.0,5.0,5.0,2.0,5.0,4.0,5.0,4.0,3.0,2.0,5.0,3.0,3.0,5.0,4.0,2.0,3.0,4.0,3.0,2.0,Berger Picard
26,1.0,5.0,5.0,3.0,4.0,3.0,4.0,4.0,3.0,5.0,1.0,2.0,5.0,4.0,3.0,5.0,4.0,4.0,5.0,4.0,5.0,4.0,1.0,5.0,1.0,3.0,Bernese Mountain Dog
27,5.0,5.0,2.0,4.0,1.0,1.0,5.0,5.0,3.0,5.0,4.0,5.0,4.0,4.0,3.0,3.0,5.0,4.0,4.0,5.0,2.0,2.0,1.0,3.0,4.0,2.0,Bichon Frise
28,1.0,5.0,5.0,5.0,3.0,4.0,2.0,5.0,5.0,5.0,5.0,2.0,5.0,5.0,5.0,1.0,5.0,5.0,5.0,3.0,3.0,5.0,2.0,4.0,4.0,5.0,Black and Tan Coonhound
29,3.0,5.0,2.0,2.0,3.0,2.0,4.0,4.0,4.0,3.0,3.0,2.0,5.0,4.0,5.0,4.0,5.0,3.0,3.0,4.0,5.0,3.0,1.0,4.0,3.0,3.0,Black Russian Terrier
30,1.0,5.0,4.0,5.0,5.0,1.0,3.0,5.0,5.0,5.0,3.0,2.0,5.0,4.0,4.0,5.0,3.0,3.0,3.0,4.0,4.0,4.0,2.0,3.0,3.0,5.0,Bloodhound
31,2.0,5.0,2.0,3.0,2.0,5.0,2.0,5.0,5.0,3.0,4.0,2.0,5.0,4.0,4.0,3.0,5.0,3.0,4.0,5.0,3.0,4.0,2.0,3.0,3.0,5.0,Bluetick Coonhound
32,5.0,5.0,1.0,5.0,1.0,1.0,5.0,3.0,4.0,5.0,5.0,3.0,5.0,4.0,3.0,4.0,3.0,3.0,5.0,5.0,1.0,4.0,2.0,2.0,3.0,1.0,Bolognese
33,5.0,5.0,3.0,3.0,1.0,3.0,5.0,5.0,5.0,5.0,2.0,4.0,4.0,5.0,3.0,3.0,5.0,3.0,1.0,5.0,3.0,2.0,1.0,4.0,4.0,1.0,Border Collie
34,4.0,5.0,3.0,2.0,1.0,2.0,3.0,4.0,5.0,5.0,4.0,3.0,4.0,5.0,4.0,5.0,5.0,5.0,5.0,3.0,2.0,1.0,1.0,4.0,3.0,4.0,Border Terrier
35,5.0,4.0,5.0,4.0,1.0,4.0,3.0,2.0,2.0,4.0,4.0,3.0,3.0,4.0,2.0,3.0,3.0,2.0,5.0,5.0,5.0,2.0,1.0,4.0,3.0,4.0,Borzoi
36,5.0,4.0,2.0,5.0,1.0,5.0,4.0,4.0,4.0,4.0,4.0,4.0,5.0,4.0,5.0,2.0,5.0,3.0,2.0,5.0,2.0,3.0,3.0,3.0,2.0,5.0,Boston Terrier
37,3.0,5.0,1.0,2.0,1.0,2.0,5.0,4.0,4.0,2.0,3.0,2.0,5.0,4.0,5.0,2.0,4.0,4.0,2.0,4.0,4.0,4.0,2.0,4.0,2.0,2.0,Bouvier des Flandres
38,4.0,5.0,4.0,3.0,2.0,5.0,4.0,5.0,5.0,4.0,2.0,3.0,4.0,4.0,5.0,2.0,5.0,4.0,3.0,4.0,3.0,3.0,1.0,2.0,1.0,3.0,Boxer
39,1.0,5.0,4.0,4.0,1.0,1.0,4.0,5.0,5.0,3.0,2.0,3.0,5.0,4.0,5.0,4.0,4.0,4.0,2.0,4.0,3.0,3.0,3.0,3.0,4.0,4.0,Boykin Spaniel
40,1.0,5.0,3.0,5.0,3.0,5.0,3.0,4.0,5.0,3.0,2.0,2.0,3.0,4.0,4.0,3.0,3.0,3.0,5.0,4.0,4.0,2.0,3.0,3.0,3.0,3.0,Bracco Italiano
41,3.0,4.0,1.0,5.0,1.0,1.0,4.0,4.0,4.0,2.0,3.0,3.0,5.0,4.0,4.0,2.0,4.0,3.0,3.0,4.0,4.0,4.0,3.0,4.0,3.0,5.0,Briard
42,1.0,5.0,3.0,5.0,5.0,3.0,3.0,5.0,5.0,4.0,4.0,3.0,5.0,5.0,3.0,3.0,5.0,3.0,5.0,5.0,3.0,3.0,1.0,4.0,3.0,4.0,Brittany
43,5.0,5.0,3.0,4.0,3.0,3.0,3.0,5.0,4.0,3.0,3.0,2.0,1.0,4.0,3.0,3.0,5.0,3.0,1.0,5.0,1.0,4.0,1.0,1.0,2.0,5.0,Brussels Griffon
44,4.0,5.0,3.0,4.0,1.0,5.0,5.0,4.0,5.0,5.0,4.0,4.0,5.0,4.0,5.0,4.0,5.0,5.0,4.0,5.0,2.0,1.0,2.0,1.0,4.0,5.0,Bull Terrier
45,5.0,5.0,3.0,2.0,5.0,5.0,3.0,2.0,3.0,5.0,4.0,4.0,4.0,2.0,3.0,2.0,4.0,5.0,2.0,4.0,2.0,4.0,3.0,1.0,1.0,1.0,Bulldog
46,3.0,5.0,1.0,4.0,5.0,5.0,3.0,2.0,3.0,3.0,2.0,2.0,5.0,3.0,4.0,3.0,5.0,5.0,3.0,4.0,5.0,4.0,2.0,4.0,2.0,3.0,Bullmastiff
47,5.0,5.0,3.0,4.0,1.0,5.0,2.0,5.0,4.0,4.0,4.0,4.0,5.0,5.0,4.0,3.0,5.0,3.0,4.0,3.0,1.0,4.0,1.0,4.0,4.0,3.0,Cairn Terrier
48,4.0,4.0,1.0,3.0,1.0,5.0,5.0,4.0,3.0,2.0,5.0,4.0,2.0,4.0,3.0,3.0,4.0,2.0,3.0,4.0,3.0,3.0,3.0,3.0,5.0,2.0,Canaan Dog
49,1.0,4.0,3.0,3.0,4.0,5.0,4.0,4.0,5.0,2.0,3.0,1.0,2.0,5.0,3.0,2.0,2.0,4.0,5.0,3.0,4.0,3.0,1.0,3.0,4.0,2.0,Cane Corso
50,4.0,5.0,4.0,3.0,1.0,3.0,4.0,3.0,3.0,3.0,4.0,4.0,4.0,5.0,3.0,2.0,4.0,4.0,4.0,4.0,2.0,2.0,3.0,4.0,3.0,3.0,Cardigan Welsh Corgi
51,1.0,5.0,3.0,1.0,1.0,5.0,2.0,4.0,5.0,1.0,3.0,1.0,3.0,3.0,3.0,3.0,2.0,3.0,1.0,2.0,4.0,3.0,2.0,3.0,3.0,3.0,Catahoula Leopard Dog
52,5.0,5.0,3.0,5.0,1.0,4.0,4.0,3.0,4.0,5.0,4.0,5.0,5.0,4.0,2.0,3.0,5.0,4.0,3.0,5.0,2.0,3.0,1.0,3.0,2.0,2.0,Cavalier King Charles Spaniel
53,5.0,5.0,1.0,2.0,1.0,4.0,4.0,2.0,3.0,3.0,5.0,4.0,3.0,3.0,3.0,3.0,5.0,4.0,2.0,4.0,2.0,3.0,3.0,3.0,3.0,3.0,Cesky Terrier
54,1.0,5.0,5.0,1.0,3.0,5.0,3.0,5.0,5.0,1.0,4.0,1.0,3.0,4.0,5.0,3.0,4.0,4.0,3.0,3.0,3.0,3.0,2.0,4.0,4.0,4.0,Chesapeake Bay Retriever
55,5.0,5.0,2.0,2.0,1.0,5.0,4.0,3.0,1.0,2.0,2.0,4.0,5.0,4.0,2.0,3.0,4.0,3.0,3.0,5.0,1.0,3.0,1.0,1.0,2.0,2.0,Chihuahua
56,5.0,4.0,2.0,4.0,1.0,2.0,4.0,2.0,2.0,4.0,5.0,3.0,5.0,3.0,1.0,4.0,3.0,2.0,3.0,5.0,2.0,3.0,1.0,1.0,3.0,1.0,Chinese Crested
57,4.0,2.0,5.0,1.0,2.0,5.0,3.0,2.0,3.0,2.0,1.0,2.0,2.0,2.0,1.0,5.0,1.0,4.0,2.0,2.0,3.0,5.0,4.0,2.0,1.0,2.0,Chinese Shar-Pei
58,4.0,5.0,5.0,5.0,1.0,2.0,4.0,3.0,3.0,4.0,4.0,1.0,5.0,5.0,3.0,3.0,4.0,3.0,2.0,5.0,4.0,2.0,1.0,5.0,4.0,2.0,Chinook
59,3.0,2.0,1.0,1.0,3.0,1.0,2.0,2.0,2.0,1.0,2.0,2.0,1.0,1.0,2.0,5.0,1.0,4.0,2.0,2.0,4.0,1.0,5.0,5.0,2.0,2.0,Chow Chow
60,5.0,5.0,5.0,4.0,5.0,1.0,4.0,3.0,2.0,3.0,2.0,5.0,3.0,3.0,1.0,5.0,5.0,5.0,5.0,4.0,3.0,1.0,2.0,5.0,2.0,4.0,Clumber Spaniel
61,4.0,5.0,1.0,5.0,1.0,3.0,4.0,3.0,3.0,4.0,2.0,5.0,4.0,4.0,3.0,2.0,5.0,3.0,3.0,4.0,2.0,2.0,3.0,4.0,4.0,3.0,Cockapoo
62,5.0,5.0,3.0,4.0,1.0,1.0,5.0,4.0,3.0,3.0,4.0,3.0,3.0,4.0,2.0,4.0,4.0,4.0,5.0,5.0,2.0,3.0,1.0,4.0,3.0,4.0,Cocker Spaniel
63,3.0,5.0,5.0,4.0,1.0,2.0,4.0,3.0,3.0,4.0,3.0,4.0,5.0,4.0,2.0,3.0,4.0,3.0,4.0,5.0,3.0,4.0,2.0,4.0,3.0,1.0,Collie
64,5.0,5.0,1.0,5.0,1.0,2.0,3.0,3.0,3.0,5.0,5.0,4.0,5.0,4.0,2.0,3.0,5.0,3.0,1.0,5.0,1.0,2.0,1.0,3.0,3.0,3.0,Coton de Tulear
65,1.0,5.0,3.0,4.0,2.0,3.0,4.0,5.0,4.0,3.0,2.0,3.0,5.0,5.0,3.0,5.0,5.0,3.0,5.0,3.0,3.0,3.0,3.0,4.0,4.0,4.0,Curly-Coated Retriever
66,5.0,4.0,3.0,3.0,1.0,3.0,2.0,3.0,3.0,1.0,2.0,4.0,5.0,4.0,3.0,4.0,4.0,5.0,5.0,4.0,1.0,5.0,3.0,1.0,3.0,5.0,Dachshund
67,2.0,5.0,5.0,4.0,1.0,5.0,4.0,5.0,5.0,3.0,4.0,3.0,4.0,4.0,4.0,2.0,4.0,4.0,2.0,4.0,3.0,2.0,3.0,3.0,4.0,4.0,Dalmatian
68,4.0,5.0,3.0,3.0,1.0,2.0,2.0,3.0,2.0,3.0,3.0,4.0,4.0,3.0,3.0,3.0,4.0,4.0,4.0,3.0,1.0,2.0,2.0,3.0,3.0,3.0,Dandie Dinmont Terrier
69,3.0,5.0,4.0,1.0,4.0,5.0,5.0,3.0,3.0,3.0,1.0,3.0,3.0,5.0,3.0,2.0,5.0,3.0,1.0,5.0,4.0,1.0,2.0,1.0,4.0,2.0,Doberman Pinscher
70,5.0,5.0,3.0,1.0,5.0,5.0,2.0,2.0,5.0,1.0,2.0,1.0,5.0,3.0,2.0,4.0,3.0,4.0,4.0,4.0,4.0,2.0,2.0,3.0,2.0,1.0,Dogue de Bordeaux
71,5.0,5.0,3.0,5.0,1.0,3.0,4.0,5.0,4.0,5.0,4.0,4.0,5.0,5.0,3.0,3.0,5.0,5.0,5.0,5.0,2.0,4.0,1.0,4.0,3.0,4.0,English Cocker Spaniel
72,1.0,4.0,3.0,5.0,1.0,5.0,3.0,5.0,5.0,3.0,4.0,2.0,4.0,3.0,4.0,4.0,5.0,2.0,5.0,3.0,3.0,4.0,4.0,3.0,3.0,5.0,English Foxhound
73,1.0,5.0,3.0,5.0,2.0,3.0,3.0,4.0,5.0,5.0,3.0,3.0,5.0,5.0,2.0,4.0,5.0,5.0,5.0,4.0,3.0,4.0,1.0,4.0,3.0,5.0,English Setter
74,1.0,5.0,3.0,5.0,1.0,2.0,5.0,5.0,5.0,4.0,3.0,3.0,5.0,5.0,3.0,3.0,5.0,3.0,5.0,4.0,3.0,3.0,1.0,3.0,4.0,4.0,English Springer Spaniel
75,4.0,5.0,5.0,4.0,2.0,4.0,3.0,3.0,2.0,4.0,2.0,4.0,1.0,3.0,3.0,4.0,4.0,3.0,4.0,4.0,2.0,3.0,1.0,2.0,2.0,2.0,English Toy Spaniel
76,1.0,5.0,3.0,3.0,1.0,5.0,3.0,5.0,5.0,2.0,3.0,2.0,5.0,4.0,4.0,4.0,5.0,3.0,4.0,4.0,3.0,5.0,3.0,4.0,2.0,3.0,Entlebucher Mountain Dog
77,1.0,5.0,3.0,4.0,1.0,4.0,5.0,5.0,5.0,4.0,3.0,3.0,5.0,5.0,3.0,3.0,5.0,4.0,4.0,4.0,2.0,2.0,1.0,3.0,4.0,5.0,Field Spaniel
78,4.0,5.0,3.0,5.0,1.0,4.0,5.0,5.0,4.0,4.0,4.0,4.0,5.0,5.0,5.0,4.0,5.0,4.0,4.0,4.0,3.0,3.0,2.0,5.0,2.0,4.0,Finnish Lapphund
79,3.0,5.0,4.0,5.0,1.0,2.0,3.0,5.0,5.0,3.0,4.0,3.0,5.0,4.0,4.0,3.0,5.0,3.0,3.0,3.0,3.0,5.0,1.0,5.0,3.0,4.0,Finnish Spitz
80,1.0,5.0,3.0,5.0,2.0,4.0,4.0,5.0,5.0,5.0,4.0,2.0,5.0,5.0,4.0,3.0,5.0,4.0,3.0,5.0,3.0,4.0,1.0,4.0,4.0,4.0,Flat-Coated Retriever
81,3.0,4.0,2.0,3.0,1.0,2.0,5.0,5.0,5.0,3.0,4.0,3.0,4.0,5.0,5.0,3.0,5.0,2.0,5.0,3.0,2.0,3.0,3.0,3.0,4.0,3.0,Fox Terrier
82,5.0,5.0,3.0,4.0,1.0,5.0,4.0,3.0,2.0,4.0,2.0,5.0,4.0,3.0,4.0,3.0,5.0,4.0,2.0,3.0,2.0,3.0,1.0,2.0,1.0,2.0,French Bulldog
83,3.0,5.0,3.0,2.0,1.0,5.0,4.0,5.0,5.0,2.0,4.0,3.0,3.0,5.0,3.0,3.0,5.0,3.0,5.0,4.0,3.0,3.0,3.0,3.0,4.0,4.0,German Pinscher
84,3.0,5.0,5.0,2.0,1.0,5.0,5.0,5.0,5.0,4.0,4.0,2.0,5.0,5.0,5.0,5.0,5.0,2.0,4.0,5.0,4.0,4.0,2.0,4.0,3.0,2.0,German Shepherd Dog
85,1.0,5.0,2.0,4.0,2.0,5.0,5.0,5.0,5.0,3.0,3.0,2.0,5.0,5.0,3.0,4.0,5.0,3.0,5.0,4.0,3.0,3.0,1.0,2.0,4.0,5.0,German Shorthaired Pointer
86,2.0,5.0,2.0,3.0,2.0,4.0,4.0,5.0,5.0,2.0,4.0,3.0,3.0,5.0,4.0,4.0,5.0,3.0,4.0,4.0,4.0,3.0,2.0,3.0,4.0,5.0,German Wirehaired Pointer
87,1.0,5.0,4.0,3.0,1.0,2.0,5.0,5.0,5.0,2.0,4.0,1.0,3.0,4.0,2.0,3.0,5.0,3.0,4.0,4.0,4.0,4.0,2.0,4.0,2.0,4.0,Giant Schnauzer
88,4.0,5.0,1.0,2.0,1.0,5.0,4.0,4.0,4.0,3.0,5.0,2.0,5.0,4.0,5.0,3.0,4.0,3.0,5.0,3.0,1.0,4.0,3.0,3.0,4.0,3.0,Glen of Imaal Terrier
89,2.0,5.0,3.0,5.0,2.0,4.0,4.0,5.0,5.0,5.0,4.0,4.0,5.0,5.0,5.0,2.0,5.0,3.0,1.0,3.0,4.0,1.0,4.0,5.0,4.0,4.0,Goldador
90,2.0,5.0,5.0,5.0,4.0,2.0,5.0,5.0,5.0,5.0,2.0,3.0,5.0,5.0,2.0,5.0,5.0,5.0,3.0,5.0,3.0,3.0,1.0,3.0,3.0,2.0,Golden Retriever
91,1.0,5.0,2.0,5.0,1.0,4.0,4.0,4.0,5.0,4.0,3.0,4.0,5.0,5.0,3.0,1.0,5.0,3.0,1.0,4.0,4.0,3.0,3.0,3.0,3.0,3.0,Goldendoodle
92,2.0,5.0,5.0,2.0,3.0,2.0,5.0,5.0,5.0,3.0,4.0,3.0,3.0,5.0,2.0,3.0,5.0,3.0,4.0,4.0,3.0,5.0,1.0,4.0,3.0,4.0,Gordon Setter
93,1.0,5.0,5.0,5.0,4.0,5.0,5.0,5.0,5.0,5.0,4.0,1.0,5.0,3.0,5.0,2.0,5.0,2.0,3.0,5.0,5.0,4.0,1.0,2.0,3.0,3.0,Great Dane
94,1.0,5.0,5.0,4.0,2.0,4.0,1.0,5.0,5.0,3.0,2.0,1.0,4.0,4.0,5.0,2.0,4.0,4.0,5.0,4.0,5.0,5.0,3.0,5.0,3.0,5.0,Great Pyrenees
95,1.0,5.0,3.0,5.0,1.0,5.0,3.0,5.0,3.0,3.0,2.0,2.0,5.0,3.0,4.0,3.0,5.0,4.0,4.0,4.0,5.0,4.0,3.0,5.0,1.0,3.0,Greater Swiss Mountain Dog
96,4.0,5.0,4.0,4.0,5.0,5.0,5.0,5.0,5.0,5.0,4.0,2.0,5.0,5.0,3.0,4.0,4.0,5.0,5.0,5.0,4.0,2.0,1.0,1.0,5.0,5.0,Greyhound
97,1.0,4.0,3.0,5.0,1.0,5.0,2.0,5.0,5.0,5.0,5.0,3.0,5.0,4.0,4.0,3.0,5.0,3.0,4.0,2.0,3.0,4.0,3.0,3.0,4.0,5.0,Harrier
98,5.0,5.0,2.0,5.0,1.0,1.0,5.0,3.0,3.0,5.0,3.0,5.0,4.0,4.0,2.0,3.0,5.0,4.0,4.0,4.0,2.0,2.0,1.0,3.0,4.0,2.0,Havanese
99,5.0,5.0,3.0,5.0,1.0,5.0,3.0,5.0,5.0,4.0,4.0,3.0,5.0,4.0,3.0,3.0,5.0,1.0,5.0,4.0,3.0,2.0,2.0,1.0,4.0,5.0,Ibizan Hound
100,1.0,4.0,5.0,2.0,1.0,1.0,3.0,4.0,4.0,2.0,3.0,1.0,4.0,4.0,5.0,3.0,4.0,3.0,4.0,3.0,3.0,1.0,2.0,5.0,3.0,4.0,Icelandic Sheepdog
101,1.0,5.0,3.0,4.0,1.0,3.0,4.0,5.0,5.0,4.0,2.0,3.0,4.0,4.0,5.0,4.0,5.0,2.0,3.0,4.0,3.0,3.0,1.0,4.0,3.0,4.0,Irish Red and White Setter
102,1.0,5.0,4.0,5.0,2.0,3.0,4.0,5.0,5.0,5.0,2.0,3.0,5.0,5.0,3.0,5.0,5.0,3.0,5.0,4.0,4.0,4.0,2.0,4.0,3.0,5.0,Irish Setter
103,3.0,5.0,4.0,1.0,1.0,2.0,1.0,5.0,4.0,3.0,5.0,2.0,5.0,4.0,4.0,1.0,5.0,3.0,2.0,3.0,3.0,4.0,2.0,4.0,4.0,3.0,Irish Terrier
104,3.0,5.0,1.0,4.0,2.0,3.0,5.0,5.0,5.0,5.0,2.0,2.0,5.0,4.0,3.0,3.0,4.0,3.0,5.0,4.0,3.0,4.0,3.0,4.0,4.0,3.0,Irish Water Spaniel
105,1.0,5.0,3.0,5.0,1.0,3.0,3.0,2.0,4.0,5.0,1.0,2.0,5.0,4.0,2.0,3.0,4.0,3.0,5.0,3.0,5.0,1.0,2.0,4.0,2.0,3.0,Irish Wolfhound
106,5.0,5.0,2.0,4.0,1.0,5.0,3.0,4.0,4.0,4.0,3.0,5.0,5.0,3.0,2.0,4.0,4.0,2.0,5.0,5.0,2.0,3.0,1.0,1.0,3.0,3.0,Italian Greyhound
107,3.0,5.0,3.0,5.0,1.0,3.0,4.0,5.0,5.0,4.0,4.0,2.0,4.0,5.0,5.0,4.0,5.0,4.0,5.0,3.0,2.0,4.0,3.0,4.0,3.0,4.0,Jack Russell Terrier
108,5.0,3.0,3.0,3.0,1.0,3.0,3.0,2.0,2.0,4.0,3.0,4.0,3.0,3.0,1.0,4.0,4.0,3.0,3.0,3.0,1.0,3.0,1.0,3.0,2.0,1.0,Japanese Chin
109,,,,,,,,,,,,,,,,,,,,,,,,,,,Korean Jindo Dog
110,4.0,5.0,5.0,4.0,1.0,3.0,4.0,4.0,3.0,4.0,3.0,4.0,5.0,4.0,3.0,3.0,5.0,4.0,3.0,5.0,3.0,4.0,1.0,5.0,3.0,2.0,Keeshond
111,3.0,4.0,1.0,2.0,1.0,2.0,4.0,4.0,5.0,5.0,3.0,2.0,4.0,4.0,4.0,4.0,4.0,3.0,3.0,3.0,3.0,4.0,3.0,4.0,3.0,3.0,Kerry Blue Terrier
112,2.0,5.0,3.0,1.0,2.0,2.0,4.0,2.0,4.0,1.0,2.0,1.0,3.0,4.0,1.0,3.0,4.0,3.0,2.0,4.0,4.0,5.0,1.0,4.0,3.0,4.0,Komondor
113,4.0,3.0,3.0,2.0,1.0,2.0,1.0,4.0,5.0,2.0,5.0,3.0,2.0,4.0,5.0,3.0,4.0,3.0,3.0,4.0,3.0,3.0,2.0,4.0,3.0,3.0,Kooikerhondje
114,1.0,5.0,4.0,2.0,3.0,4.0,2.0,4.0,5.0,1.0,4.0,1.0,1.0,4.0,4.0,1.0,4.0,4.0,1.0,5.0,5.0,3.0,1.0,5.0,2.0,3.0,Kuvasz
115,5.0,5.0,3.0,5.0,1.0,4.0,4.0,5.0,5.0,5.0,4.0,4.0,4.0,4.0,4.0,1.0,5.0,3.0,2.0,3.0,4.0,2.0,4.0,5.0,4.0,3.0,Labradoodle
116,1.0,5.0,5.0,5.0,3.0,5.0,5.0,5.0,5.0,5.0,3.0,3.0,5.0,5.0,5.0,5.0,5.0,5.0,2.0,5.0,4.0,4.0,2.0,3.0,3.0,3.0,Labrador Retriever
117,4.0,5.0,2.0,3.0,1.0,2.0,2.0,5.0,4.0,3.0,5.0,3.0,4.0,4.0,4.0,1.0,4.0,3.0,4.0,3.0,2.0,2.0,2.0,4.0,4.0,3.0,Lakeland Terrier
118,2.0,4.0,3.0,3.0,1.0,4.0,3.0,4.0,3.0,2.0,4.0,2.0,3.0,4.0,4.0,2.0,4.0,4.0,2.0,3.0,1.0,2.0,3.0,3.0,3.0,4.0,Lancashire Heeler
119,1.0,5.0,5.0,3.0,3.0,4.0,2.0,4.0,4.0,2.0,1.0,1.0,4.0,3.0,4.0,4.0,4.0,4.0,4.0,4.0,5.0,3.0,2.0,5.0,1.0,2.0,Leonberger
120,5.0,4.0,3.0,3.0,1.0,1.0,3.0,4.0,3.0,2.0,3.0,5.0,4.0,4.0,3.0,3.0,5.0,3.0,4.0,5.0,1.0,4.0,4.0,3.0,2.0,2.0,Lhasa Apso
121,5.0,5.0,3.0,4.0,1.0,3.0,5.0,4.0,4.0,4.0,5.0,4.0,5.0,4.0,3.0,3.0,5.0,3.0,4.0,3.0,1.0,4.0,1.0,3.0,3.0,5.0,Lowchen
122,5.0,5.0,2.0,4.0,1.0,2.0,4.0,3.0,2.0,2.0,3.0,5.0,3.0,4.0,3.0,3.0,4.0,3.0,4.0,4.0,1.0,2.0,1.0,1.0,3.0,1.0,Maltese
123,5.0,4.0,1.0,3.0,1.0,2.0,4.0,3.0,3.0,3.0,2.0,5.0,3.0,3.0,2.0,4.0,3.0,3.0,5.0,3.0,1.0,4.0,3.0,2.0,2.0,1.0,Maltese Shih Tzu
124,5.0,5.0,1.0,4.0,1.0,3.0,5.0,3.0,2.0,4.0,2.0,5.0,4.0,4.0,3.0,3.0,4.0,2.0,2.0,5.0,2.0,5.0,1.0,2.0,3.0,4.0,Maltipoo
125,5.0,4.0,3.0,3.0,1.0,5.0,2.0,4.0,4.0,3.0,2.0,3.0,3.0,4.0,4.0,2.0,4.0,4.0,4.0,3.0,2.0,4.0,3.0,1.0,3.0,4.0,Manchester Terrier
126,2.0,5.0,3.0,2.0,5.0,3.0,3.0,3.0,4.0,2.0,3.0,1.0,5.0,2.0,3.0,4.0,4.0,4.0,2.0,3.0,5.0,2.0,3.0,4.0,1.0,1.0,Mastiff
127,5.0,5.0,2.0,2.0,1.0,5.0,3.0,4.0,4.0,3.0,3.0,3.0,3.0,3.0,3.0,2.0,5.0,5.0,3.0,5.0,1.0,1.0,2.0,1.0,3.0,5.0,Miniature Pinscher
128,4.0,5.0,2.0,3.0,1.0,2.0,5.0,5.0,5.0,3.0,3.0,3.0,3.0,4.0,3.0,2.0,4.0,4.0,4.0,4.0,2.0,3.0,5.0,4.0,4.0,3.0,Miniature Schnauzer
129,3.0,4.0,3.0,3.0,3.0,3.0,4.0,3.0,3.0,3.0,4.0,3.0,3.0,4.0,3.0,3.0,3.0,3.0,3.0,3.0,3.0,3.0,3.0,3.0,3.0,3.0,Mutt
130,2.0,5.0,3.0,2.0,5.0,3.0,3.0,3.0,3.0,1.0,2.0,1.0,4.0,3.0,1.0,2.0,4.0,5.0,1.0,4.0,5.0,1.0,1.0,1.0,2.0,1.0,Neapolitan Mastiff
131,1.0,5.0,5.0,4.0,5.0,2.0,5.0,3.0,3.0,4.0,1.0,3.0,5.0,4.0,1.0,3.0,4.0,4.0,4.0,4.0,5.0,4.0,1.0,5.0,2.0,3.0,Newfoundland
132,4.0,5.0,1.0,5.0,1.0,4.0,5.0,4.0,4.0,4.0,5.0,5.0,4.0,4.0,4.0,2.0,5.0,5.0,1.0,4.0,1.0,3.0,3.0,4.0,4.0,4.0,Norfolk Terrier
133,3.0,5.0,3.0,3.0,1.0,2.0,4.0,4.0,5.0,3.0,4.0,3.0,5.0,3.0,4.0,3.0,5.0,3.0,2.0,3.0,3.0,4.0,4.0,5.0,2.0,4.0,Norwegian Buhund
134,4.0,5.0,5.0,4.0,1.0,3.0,2.0,5.0,5.0,4.0,4.0,4.0,4.0,4.0,3.0,3.0,4.0,4.0,4.0,4.0,3.0,4.0,2.0,5.0,3.0,4.0,Norwegian Elkhound
135,1.0,5.0,5.0,5.0,1.0,4.0,4.0,4.0,5.0,5.0,3.0,1.0,5.0,5.0,4.0,3.0,5.0,3.0,2.0,3.0,3.0,1.0,2.0,5.0,3.0,5.0,Norwegian Lundehund
136,5.0,5.0,2.0,5.0,1.0,2.0,4.0,5.0,4.0,5.0,4.0,3.0,5.0,4.0,4.0,4.0,5.0,5.0,3.0,4.0,1.0,4.0,2.0,4.0,4.0,4.0,Norwich Terrier
137,5.0,5.0,3.0,4.0,1.0,5.0,4.0,5.0,5.0,4.0,4.0,3.0,5.0,5.0,3.0,4.0,5.0,4.0,5.0,3.0,3.0,4.0,2.0,4.0,4.0,3.0,Nova Scotia Duck Tolling Retriever
138,5.0,5.0,5.0,4.0,4.0,1.0,3.0,4.0,4.0,4.0,4.0,4.0,4.0,4.0,3.0,2.0,4.0,4.0,3.0,4.0,4.0,1.0,2.0,4.0,2.0,2.0,Old English Sheepdog
139,1.0,5.0,4.0,5.0,1.0,2.0,2.0,5.0,5.0,4.0,4.0,4.0,5.0,4.0,4.0,3.0,5.0,3.0,5.0,2.0,4.0,2.0,5.0,4.0,3.0,5.0,Otterhound
140,5.0,5.0,2.0,4.0,1.0,3.0,5.0,4.0,5.0,5.0,3.0,5.0,3.0,4.0,3.0,3.0,5.0,3.0,4.0,3.0,1.0,2.0,1.0,2.0,4.0,1.0,Papillon
141,5.0,5.0,2.0,4.0,1.0,2.0,3.0,3.0,3.0,3.0,3.0,5.0,4.0,4.0,2.0,4.0,4.0,4.0,3.0,4.0,1.0,4.0,2.0,3.0,2.0,1.0,Peekapoo
142,5.0,5.0,4.0,2.0,1.0,1.0,3.0,2.0,2.0,2.0,2.0,4.0,2.0,4.0,1.0,3.0,3.0,3.0,5.0,2.0,1.0,4.0,3.0,4.0,1.0,3.0,Pekingese
143,4.0,5.0,5.0,3.0,1.0,4.0,5.0,4.0,4.0,5.0,3.0,4.0,4.0,5.0,3.0,2.0,4.0,4.0,3.0,4.0,2.0,2.0,3.0,4.0,3.0,2.0,Pembroke Welsh Corgi
144,4.0,5.0,4.0,5.0,1.0,2.0,1.0,5.0,5.0,5.0,3.0,3.0,5.0,4.0,4.0,3.0,5.0,4.0,5.0,3.0,2.0,5.0,3.0,4.0,3.0,5.0,Petit Basset Griffon Vendeen
145,4.0,5.0,2.0,5.0,1.0,4.0,3.0,2.0,4.0,4.0,5.0,4.0,5.0,4.0,3.0,4.0,4.0,3.0,5.0,5.0,3.0,4.0,2.0,1.0,5.0,4.0,Pharaoh Hound
146,1.0,4.0,2.0,5.0,1.0,5.0,4.0,4.0,5.0,3.0,5.0,1.0,3.0,3.0,4.0,3.0,3.0,3.0,5.0,4.0,3.0,1.0,2.0,2.0,4.0,5.0,Plott
147,4.0,5.0,3.0,5.0,1.0,5.0,3.0,4.0,4.0,4.0,3.0,3.0,5.0,4.0,4.0,4.0,4.0,5.0,3.0,4.0,2.0,5.0,2.0,2.0,4.0,5.0,Pocket Beagle
148,1.0,5.0,3.0,5.0,1.0,5.0,5.0,5.0,5.0,5.0,3.0,1.0,5.0,5.0,5.0,5.0,5.0,3.0,5.0,3.0,3.0,3.0,1.0,2.0,4.0,5.0,Pointer
149,4.0,5.0,1.0,3.0,1.0,1.0,4.0,4.0,4.0,3.0,4.0,2.0,4.0,4.0,3.0,3.0,4.0,3.0,3.0,4.0,3.0,2.0,3.0,4.0,4.0,3.0,Polish Lowland Sheepdog
150,4.0,5.0,4.0,2.0,1.0,2.0,4.0,3.0,2.0,3.0,3.0,4.0,2.0,4.0,2.0,2.0,3.0,4.0,2.0,4.0,1.0,5.0,1.0,4.0,2.0,1.0,Pomeranian
151,5.0,5.0,1.0,4.0,1.0,1.0,5.0,4.0,4.0,4.0,2.0,5.0,5.0,5.0,3.0,4.0,5.0,4.0,2.0,4.0,4.0,2.0,1.0,3.0,4.0,3.0,Poodle
152,4.0,5.0,1.0,5.0,1.0,2.0,4.0,5.0,5.0,3.0,4.0,3.0,5.0,5.0,3.0,5.0,5.0,3.0,3.0,4.0,3.0,3.0,2.0,4.0,3.0,3.0,Portuguese Water Dog
153,5.0,5.0,5.0,4.0,1.0,5.0,3.0,3.0,3.0,4.0,1.0,5.0,4.0,2.0,4.0,2.0,5.0,5.0,3.0,3.0,2.0,2.0,1.0,2.0,1.0,2.0,Pug
154,4.0,3.0,3.0,5.0,1.0,5.0,2.0,3.0,3.0,5.0,4.0,5.0,5.0,3.0,2.0,3.0,3.0,5.0,2.0,3.0,2.0,4.0,3.0,3.0,3.0,5.0,Puggle
155,4.0,5.0,1.0,5.0,1.0,1.0,2.0,5.0,5.0,2.0,5.0,1.0,5.0,4.0,5.0,3.0,5.0,3.0,4.0,4.0,3.0,4.0,2.0,4.0,3.0,5.0,Puli
156,5.0,5.0,3.0,2.0,1.0,3.0,2.0,4.0,5.0,2.0,2.0,2.0,5.0,4.0,5.0,3.0,5.0,3.0,4.0,4.0,2.0,5.0,1.0,4.0,3.0,2.0,Pyrenean Shepherd
157,5.0,4.0,4.0,3.0,1.0,5.0,5.0,5.0,4.0,4.0,4.0,3.0,5.0,4.0,4.0,2.0,5.0,3.0,,4.0,1.0,1.0,3.0,1.0,4.0,4.0,Rat Terrier
158,4.0,5.0,2.0,4.0,4.0,5.0,3.0,4.0,5.0,3.0,3.0,2.0,5.0,4.0,4.0,4.0,5.0,3.0,4.0,5.0,3.0,4.0,2.0,3.0,2.0,5.0,Redbone Coonhound
159,4.0,5.0,1.0,4.0,1.0,5.0,2.0,4.0,5.0,3.0,4.0,2.0,4.0,4.0,4.0,3.0,5.0,3.0,5.0,4.0,4.0,1.0,2.0,3.0,3.0,5.0,Rhodesian Ridgeback
160,2.0,5.0,4.0,2.0,4.0,5.0,4.0,4.0,4.0,4.0,2.0,1.0,4.0,5.0,4.0,3.0,5.0,5.0,4.0,4.0,3.0,4.0,1.0,2.0,3.0,2.0,Rottweiler
161,3.0,5.0,4.0,5.0,5.0,2.0,2.0,3.0,2.0,5.0,2.0,2.0,5.0,4.0,2.0,3.0,4.0,4.0,1.0,4.0,5.0,1.0,1.0,5.0,1.0,2.0,Saint Bernard
162,1.0,5.0,2.0,4.0,1.0,4.0,4.0,5.0,5.0,1.0,4.0,2.0,4.0,4.0,2.0,4.0,5.0,1.0,5.0,5.0,4.0,1.0,1.0,2.0,3.0,5.0,Saluki
163,2.0,5.0,5.0,5.0,2.0,1.0,3.0,5.0,5.0,5.0,3.0,2.0,5.0,3.0,2.0,3.0,5.0,4.0,5.0,4.0,3.0,3.0,2.0,5.0,1.0,4.0,Samoyed
164,4.0,4.0,3.0,2.0,1.0,5.0,2.0,5.0,5.0,2.0,4.0,4.0,5.0,4.0,3.0,3.0,5.0,5.0,2.0,4.0,1.0,4.0,3.0,3.0,2.0,5.0,Schipperke
165,3.0,4.0,2.0,3.0,1.0,4.0,4.0,4.0,4.0,3.0,3.0,5.0,5.0,5.0,3.0,3.0,4.0,4.0,3.0,4.0,4.0,2.0,2.0,2.0,4.0,3.0,Schnoodle
166,1.0,5.0,5.0,2.0,1.0,2.0,2.0,5.0,5.0,5.0,3.0,1.0,4.0,3.0,5.0,4.0,5.0,4.0,5.0,3.0,5.0,1.0,2.0,4.0,4.0,4.0,Scottish Deerhound
167,4.0,5.0,2.0,4.0,1.0,2.0,1.0,4.0,4.0,4.0,4.0,2.0,4.0,4.0,4.0,3.0,4.0,3.0,3.0,4.0,2.0,4.0,3.0,4.0,3.0,5.0,Scottish Terrier
168,4.0,4.0,4.0,4.0,3.0,1.0,3.0,4.0,4.0,3.0,5.0,4.0,4.0,4.0,2.0,2.0,4.0,3.0,2.0,4.0,2.0,2.0,2.0,4.0,3.0,3.0,Sealyham Terrier
169,2.0,5.0,5.0,4.0,1.0,2.0,5.0,4.0,4.0,5.0,4.0,3.0,5.0,5.0,2.0,1.0,4.0,3.0,3.0,5.0,1.0,1.0,2.0,4.0,3.0,2.0,Shetland Sheepdog
170,5.0,4.0,4.0,3.0,1.0,4.0,2.0,4.0,3.0,3.0,3.0,4.0,3.0,4.0,2.0,4.0,3.0,2.0,3.0,3.0,2.0,4.0,5.0,4.0,3.0,4.0,Shiba Inu
171,5.0,5.0,3.0,4.0,1.0,1.0,3.0,2.0,2.0,5.0,3.0,5.0,4.0,4.0,3.0,4.0,4.0,4.0,4.0,3.0,1.0,2.0,3.0,3.0,1.0,2.0,Shih Tzu
172,2.0,5.0,3.0,5.0,3.0,2.0,2.0,5.0,5.0,5.0,4.0,1.0,5.0,3.0,3.0,4.0,5.0,2.0,3.0,4.0,3.0,5.0,1.0,5.0,3.0,5.0,Siberian Husky
173,5.0,4.0,2.0,2.0,1.0,4.0,4.0,4.0,3.0,3.0,4.0,3.0,3.0,4.0,4.0,2.0,4.0,3.0,5.0,3.0,1.0,4.0,3.0,1.0,4.0,3.0,Silky Terrier
174,4.0,4.0,3.0,2.0,1.0,3.0,2.0,3.0,3.0,5.0,5.0,4.0,4.0,4.0,4.0,3.0,4.0,3.0,4.0,3.0,2.0,4.0,2.0,4.0,4.0,4.0,Skye Terrier
175,4.0,5.0,3.0,4.0,1.0,5.0,3.0,5.0,5.0,3.0,3.0,2.0,5.0,4.0,3.0,3.0,3.0,2.0,5.0,4.0,4.0,2.0,3.0,2.0,3.0,3.0,Sloughi
176,1.0,5.0,3.0,5.0,1.0,3.0,5.0,4.0,5.0,4.0,5.0,2.0,5.0,5.0,5.0,3.0,4.0,3.0,5.0,3.0,3.0,3.0,4.0,5.0,3.0,4.0,Small Munsterlander Pointer
177,5.0,5.0,2.0,5.0,1.0,3.0,4.0,4.0,4.0,5.0,4.0,4.0,5.0,4.0,3.0,2.0,5.0,3.0,3.0,4.0,3.0,3.0,2.0,2.0,3.0,4.0,Soft Coated Wheaten Terrier
178,2.0,5.0,3.0,4.0,1.0,3.0,5.0,3.0,4.0,3.0,5.0,3.0,5.0,5.0,4.0,1.0,5.0,3.0,4.0,4.0,3.0,3.0,3.0,2.0,2.0,3.0,Stabyhoun
179,3.0,5.0,3.0,1.0,3.0,5.0,2.0,3.0,4.0,5.0,3.0,1.0,5.0,3.0,3.0,2.0,5.0,4.0,2.0,4.0,2.0,3.0,2.0,3.0,1.0,4.0,Staffordshire Bull Terrier
180,4.0,4.0,1.0,3.0,1.0,2.0,3.0,5.0,5.0,2.0,5.0,2.0,4.0,5.0,3.0,3.0,5.0,1.0,5.0,4.0,3.0,2.0,2.0,4.0,4.0,5.0,Standard Schnauzer
181,5.0,5.0,3.0,5.0,1.0,4.0,3.0,2.0,2.0,5.0,4.0,5.0,5.0,5.0,1.0,2.0,4.0,5.0,1.0,5.0,2.0,4.0,1.0,5.0,5.0,1.0,Sussex Spaniel
182,3.0,5.0,1.0,3.0,1.0,5.0,5.0,5.0,5.0,5.0,4.0,1.0,4.0,5.0,3.0,2.0,5.0,4.0,4.0,3.0,3.0,1.0,3.0,4.0,3.0,3.0,Swedish Vallhund
183,1.0,5.0,2.0,5.0,2.0,4.0,1.0,4.0,2.0,2.0,3.0,1.0,5.0,5.0,2.0,5.0,5.0,4.0,3.0,5.0,5.0,2.0,1.0,5.0,2.0,3.0,Tibetan Mastiff
184,5.0,5.0,3.0,4.0,1.0,4.0,4.0,3.0,4.0,3.0,5.0,4.0,5.0,4.0,3.0,3.0,4.0,3.0,3.0,5.0,1.0,4.0,1.0,1.0,2.0,3.0,Tibetan Spaniel
185,5.0,5.0,5.0,4.0,1.0,1.0,4.0,5.0,5.0,3.0,5.0,3.0,5.0,4.0,4.0,2.0,5.0,3.0,2.0,4.0,2.0,2.0,1.0,4.0,4.0,3.0,Tibetan Terrier
186,5.0,5.0,4.0,3.0,1.0,5.0,3.0,5.0,5.0,3.0,5.0,3.0,4.0,4.0,4.0,2.0,5.0,2.0,5.0,4.0,1.0,4.0,1.0,2.0,3.0,4.0,Toy Fox Terrier
187,1.0,4.0,4.0,4.0,3.0,5.0,3.0,4.0,5.0,3.0,4.0,2.0,4.0,4.0,4.0,3.0,3.0,3.0,4.0,3.0,3.0,1.0,2.0,3.0,3.0,1.0,Treeing Tennessee Brindle
188,1.0,4.0,3.0,3.0,2.0,5.0,2.0,4.0,5.0,3.0,4.0,2.0,4.0,4.0,4.0,3.0,3.0,3.0,4.0,5.0,4.0,5.0,2.0,3.0,3.0,5.0,Treeing Walker Coonhound
189,1.0,5.0,2.0,5.0,1.0,5.0,5.0,5.0,5.0,5.0,4.0,3.0,5.0,4.0,4.0,4.0,5.0,2.0,2.0,5.0,3.0,5.0,1.0,1.0,4.0,5.0,Vizsla
190,1.0,5.0,4.0,3.0,4.0,5.0,4.0,5.0,5.0,3.0,3.0,2.0,4.0,5.0,5.0,5.0,5.0,2.0,5.0,5.0,4.0,2.0,1.0,3.0,4.0,5.0,Weimaraner
191,4.0,5.0,3.0,4.0,1.0,4.0,5.0,5.0,5.0,3.0,4.0,4.0,5.0,5.0,4.0,3.0,4.0,4.0,3.0,5.0,3.0,5.0,1.0,4.0,4.0,5.0,Welsh Springer Spaniel
192,3.0,4.0,2.0,5.0,1.0,2.0,3.0,5.0,5.0,4.0,5.0,3.0,5.0,5.0,5.0,2.0,5.0,3.0,5.0,3.0,2.0,4.0,2.0,2.0,2.0,4.0,Welsh Terrier
193,4.0,5.0,4.0,5.0,1.0,3.0,4.0,4.0,4.0,3.0,3.0,4.0,4.0,4.0,4.0,2.0,4.0,4.0,4.0,4.0,2.0,4.0,2.0,4.0,3.0,3.0,West Highland White Terrier
194,5.0,5.0,2.0,4.0,1.0,5.0,4.0,5.0,5.0,4.0,4.0,3.0,5.0,4.0,2.0,4.0,5.0,1.0,5.0,5.0,3.0,1.0,2.0,1.0,4.0,4.0,Whippet
195,1.0,5.0,1.0,4.0,1.0,3.0,5.0,5.0,4.0,5.0,4.0,3.0,5.0,5.0,3.0,3.0,5.0,3.0,4.0,4.0,3.0,4.0,1.0,4.0,3.0,4.0,Wirehaired Pointing Griffon
196,,,,,,,,,,,,,,,,,,,,,,,,,,,Xoloitzcuintli
197,5.0,5.0,1.0,3.0,1.0,4.0,4.0,5.0,3.0,2.0,3.0,5.0,4.0,4.0,3.0,3.0,4.0,2.0,3.0,4.0,1.0,5.0,3.0,2.0,3.0,2.0,Yorkipoo
198,5.0,4.0,2.0,3.0,1.0,1.0,3.0,5.0,4.0,2.0,4.0,4.0,2.0,3.0,4.0,2.0,5.0,2.0,2.0,5.0,1.0,3.0,2.0,2.0,2.0,3.0,Yorkshire Terrier
